Parent Folder,Internal Item,Inconsistency Type,Details
K-003351-019232-020238_json,N/A,Missing Obj in Internal Item,Obj item '003351' not found in any internal file/folder names
K-003483-016262-020877-022347_json,N/A,Missing Obj in Internal Item,Obj item '016262' not found in any internal file/folder names
K-003483-016232-020877-022347_json,N/A,Missing Obj in Internal Item,Obj item '022347' not found in any internal file/folder names
K-001900-010224-016551-033009_json,N/A,Missing Obj in Internal Item,Obj item '010224' not found in any internal file/folder names
K-002483-005094-012081-019552_json,N/A,Missing Obj in Internal Item,Obj item '012081' not found in any internal file/folder names
K-003544-006563-016548-033878_json,N/A,Missing Obj in Internal Item,Obj item '003544' not found in any internal file/folder names
K-003483-027653-031885-036637_json,N/A,Missing Obj in Internal Item,Obj item '036637' not found in any internal file/folder names
K-003483-019861-028763-029667_json,N/A,Missing Obj in Internal Item,Obj item '019861' not found in any internal file/folder names
K-003483-016232-027653-034597_json,N/A,Missing Obj in Internal Item,Obj item '003483' not found in any internal file/folder names
K-003483-016262-027733-031885_json,N/A,Missing Obj in Internal Item,Obj item '003483' not found in any internal file/folder names
K-003483-027777-034597-036637_json,N/A,Missing Obj in Internal Item,Obj item '027777' not found in any internal file/folder names
K-003483-016232-027653-031885_json,N/A,Missing Obj in Internal Item,Obj item '027653' not found in any internal file/folder names
K-002483-012081-023223-025438_json,N/A,Missing Obj in Internal Item,Obj item '002483' not found in any internal file/folder names
K-002483-003743-012081-022627_json,N/A,Missing Obj in Internal Item,Obj item '012081' not found in any internal file/folder names
K-003483-016232-022347-027653_json,N/A,Missing Obj in Internal Item,Obj item '022347' not found in any internal file/folder names
K-003483-025469-034597-035206_json,N/A,Missing Obj in Internal Item,Obj item '025469' not found in any internal file/folder names
K-001900-010224-016551-031705_json,N/A,Missing Obj in Internal Item,Obj item '010224' not found in any internal file/folder names
